spkid,full_name,pdes,name,class,H
20000004,     4 Vesta (A807 FA),4,Vesta,MBA,3.25
20000001,     1 Ceres (A801 AA),1,Ceres,MBA,3.34
20000002,     2 Pallas (A802 FA),2,Pallas,MBA,4.11
20000003,     3 Juno (A804 RA),3,Juno,MBA,5.18
20000015,    15 Eunomia (A851 OA),15,Eunomia,MBA,5.42
20000006,     6 Hebe (A847 NA),6,Hebe,MBA,5.61
20000010,    10 Hygiea (A849 GA),10,Hygiea,MBA,5.64
20000007,     7 Iris (A847 PA),7,Iris,MBA,5.65
20000532,   532 Herculina (A904 HE),532,Herculina,MBA,5.92
20000039,    39 Laetitia (A856 CA),39,Laetitia,MBA,5.97
20000029,    29 Amphitrite (A854 EB),29,Amphitrite,MBA,5.98
20000349,   349 Dembowska (A892 XB),349,Dembowska,MBA,6.04
20000354,   354 Eleonora (A893 BC),354,Eleonora,MBA,6.15
20000016,    16 Psyche (A852 FA),16,Psyche,MBA,6.2
20000471,   471 Papagena (A901 LA),471,Papagena,MBA,6.33
20000009,     9 Metis (A848 HA),9,Metis,MBA,6.34
20000018,    18 Melpomene (A852 MA),18,Melpomene,MBA,6.35
20000704,   704 Interamnia (A910 TC),704,Interamnia,MBA,6.35
20000089,    89 Julia (A866 PA),89,Julia,MBA,6.37
20000511,   511 Davida (A903 KB),511,Davida,MBA,6.4
20000014,    14 Irene (A851 KA),14,Irene,MBA,6.54
20000020,    20 Massalia (A852 SA),20,Massalia,MBA,6.54
20000040,    40 Harmonia (A856 FA),40,Harmonia,MBA,6.55
20000008,     8 Flora (A847 UA),8,Flora,MBA,6.61
20000052,    52 Europa (A858 CA),52,Europa,MBA,6.66
20000011,    11 Parthenope (A850 JA),11,Parthenope,MBA,6.73
20000196,   196 Philomela (A879 JA),196,Philomela,MBA,6.73
20000044,    44 Nysa (A857 KA),44,Nysa,MBA,6.75
20000092,    92 Undina (A867 NA),92,Undina,MBA,6.76
20000022,    22 Kalliope (A852 WA),22,Kalliope,MBA,6.8
20000451,   451 Patientia (A899 XA),451,Patientia,MBA,6.81
20000065,    65 Cybele (A861 EB),65,Cybele,OMB,6.83
20000031,    31 Euphrosyne (A854 RA),31,Euphrosyne,MBA,6.86
20000068,    68 Leto (A861 HB),68,Leto,MBA,6.9
20000013,    13 Egeria (A850 VA),13,Egeria,MBA,6.91
20000087,    87 Sylvia (A866 KA),87,Sylvia,OMB,6.95
20000005,     5 Astraea (A845 XA),5,Astraea,MBA,6.99
20000057,    57 Mnemosyne (A859 SA),57,Mnemosyne,MBA,7
20000129,   129 Antigone (A873 CA),129,Antigone,MBA,7.01
20000027,    27 Euterpe (A853 VA),27,Euterpe,MBA,7.04
20000216,   216 Kleopatra (A880 GB),216,Kleopatra,MBA,7.09
20000107,   107 Camilla (A868 WA),107,Camilla,OMB,7.11
20000063,    63 Ausonia (A861 CA),63,Ausonia,MBA,7.13
20000048,    48 Doris (A857 SA),48,Doris,MBA,7.14
20000023,    23 Thalia (A852 XA),23,Thalia,MBA,7.17
20000192,   192 Nausikaa (A879 DA),192,Nausikaa,MBA,7.21
20000069,    69 Hesperia (A861 HC),69,Hesperia,MBA,7.22
20000324,   324 Bamberga (A892 DA),324,Bamberga,MBA,7.23
20000024,    24 Themis (A853 GA),24,Themis,MBA,7.24
20000071,    71 Niobe (A861 PA),71,Niobe,MBA,7.24
20000028,    28 Bellona (A854 EA),28,Bellona,MBA,7.25
20000088,    88 Thisbe (A866 LA),88,Thisbe,MBA,7.27
20000012,    12 Victoria (A850 RA),12,Victoria,MBA,7.3
20000346,   346 Hermentaria (A892 WC),346,Hermentaria,MBA,7.36
20000624,   624 Hektor (A907 CF),624,Hektor,TJN,7.38
20000037,    37 Fides (A855 TB),37,Fides,MBA,7.39
20000423,   423 Diotima (A896 XA),423,Diotima,MBA,7.39
20000372,   372 Palma (A893 QB),372,Palma,MBA,7.4
20000121,   121 Hermione (A872 JA),121,Hermione,OMB,7.44
20000130,   130 Elektra (A873 DA),130,Elektra,MBA,7.47
20000674,   674 Rachele (A908 UK),674,Rachele,MBA,7.47
20000019,    19 Fortuna (A852 QA),19,Fortuna,MBA,7.49
20000702,   702 Alauda (A910 OA),702,Alauda,MBA,7.49
20000021,    21 Lutetia (A852 VA),21,Lutetia,MBA,7.5
20000375,   375 Ursula (A893 SB),375,Ursula,MBA,7.5
20000026,    26 Proserpina (A853 JA),26,Proserpina,MBA,7.52
20000230,   230 Athamantis (A882 RA),230,Athamantis,MBA,7.53
20000387,   387 Aquitania (A894 EC),387,Aquitania,MBA,7.53
20000030,    30 Urania (A854 OA),30,Urania,MBA,7.59
20000041,    41 Daphne (A856 KA),41,Daphne,MBA,7.61
20000148,   148 Gallia (A875 PA),148,Gallia,MBA,7.64
20000185,   185 Eunike (A878 EA),185,Eunike,MBA,7.64
20000334,   334 Chicago (A892 QB),334,Chicago,OMB,7.65
20000154,   154 Bertha (A875 VD),154,Bertha,MBA,7.67
20000096,    96 Aegle (A868 DA),96,Aegle,MBA,7.68
20000202,   202 Chryseis (A879 RA),202,Chryseis,MBA,7.68
20000409,   409 Aspasia (A895 XC),409,Aspasia,MBA,7.68
20000122,   122 Gerda (A872 OA),122,Gerda,OMB,7.69
20000250,   250 Bettina (A885 RA),250,Bettina,MBA,7.69
20000128,   128 Nemesis (A872 WA),128,Nemesis,MBA,7.7
20000042,    42 Isis (A856 KB),42,Isis,MBA,7.71
20000094,    94 Aurora (A867 RA),94,Aurora,MBA,7.72
20000051,    51 Nemausa (A858 BA),51,Nemausa,MBA,7.74
20000776,   776 Berbericia (A914 BE),776,Berbericia,MBA,7.74
20000061,    61 Danae (A860 RC),61,Danae,MBA,7.75
20000153,   153 Hilda (A875 VC),153,Hilda,OMB,7.75
20000221,   221 Eos (A882 BA),221,Eos,MBA,7.76
20000386,   386 Siegena (A894 EB),386,Siegena,MBA,7.76
20000032,    32 Pomona (A854 UA),32,Pomona,MBA,7.77
20000416,   416 Vaticana (A896 JA),416,Vaticana,MBA,7.77
20000045,    45 Eugenia (A857 MA),45,Eugenia,MBA,7.78
20000079,    79 Eurynome (A863 RA),79,Eurynome,MBA,7.78
20000100,   100 Hekate (A868 NA),100,Hekate,MBA,7.78
20000103,   103 Hera (A868 RA),103,Hera,MBA,7.78
20000064,    64 Angelina (A861 EA),64,Angelina,MBA,7.79
20000115,   115 Thyra (A871 PA),115,Thyra,MBA,7.79
20000241,   241 Germania (A884 RA),241,Germania,MBA,7.79
20000106,   106 Dione (A868 TA),106,Dione,MBA,7.8
20000116,   116 Sirona (A871 RA),116,Sirona,MBA,7.8
20000120,   120 Lachesis (A872 GB),120,Lachesis,MBA,7.82
20000165,   165 Loreley (A876 PA),165,Loreley,MBA,7.82
20000385,   385 Ilmatar (A894 EA),385,Ilmatar,MBA,7.83
20000097,    97 Klotho (A868 DB),97,Klotho,MBA,7.84
20000259,   259 Aletheia (A886 MA),259,Aletheia,MBA,7.84
20000055,    55 Pandora (A858 RB),55,Pandora,MBA,7.85
20000110,   110 Lydia (A870 HA),110,Lydia,MBA,7.86
20000194,   194 Prokne (A879 FA),194,Prokne,MBA,7.86
20000025,    25 Phocaea (A853 GB),25,Phocaea,MBA,7.87
20000488,   488 Kreusa (A902 MC),488,Kreusa,MBA,7.88
20000093,    93 Minerva (A867 QA),93,Minerva,MBA,7.9
20000760,   760 Massinga (A913 QD),760,Massinga,MBA,7.9
20000980,   980 Anacostia (A921 WG),980,Anacostia,MBA,7.9
20000190,   190 Ismene (A878 SA),190,Ismene,OMB,7.91
20000911,   911 Agamemnon (A919 FB),911,Agamemnon,TJN,7.91
20000017,    17 Thetis (A852 HA),17,Thetis,MBA,7.93
20000085,    85 Io (A865 SA),85,Io,MBA,7.95
20000043,    43 Ariadne (A857 GA),43,Ariadne,MBA,7.96
20000478,   478 Tergeste (A901 SC),478,Tergeste,MBA,7.96
20000054,    54 Alexandra (A858 RA),54,Alexandra,MBA,7.97
20000245,   245 Vera (A885 CA),245,Vera,MBA,7.97
20000595,   595 Polyxena (A906 FL),595,Polyxena,OMB,7.97
20000779,   779 Nina (A914 BH),779,Nina,MBA,7.97
20000108,   108 Hecuba (A869 GB),108,Hecuba,OMB,7.99
20000173,   173 Ino (A877 PA),173,Ino,MBA,7.99
20000389,   389 Industria (A894 EE),389,Industria,MBA,7.99
20000211,   211 Isolda (A879 XA),211,Isolda,MBA,8
20000095,    95 Arethusa (A867 WA),95,Arethusa,MBA,8.01
20000049,    49 Pales (A857 SB),49,Pales,MBA,8.02
20000076,    76 Freia (A862 UA),76,Freia,OMB,8.02
20000579,   579 Sidonia (A905 VK),579,Sidonia,MBA,8.03
20000747,   747 Winchester (A913 EK),747,Winchester,MBA,8.04
20000804,   804 Hispania (A915 FK),804,Hispania,MBA,8.04
20000080,    80 Sappho (A864 JA),80,Sappho,MBA,8.05
20000139,   139 Juewa (A874 TA),139,Juewa,MBA,8.06
20000133,   133 Cyrene (A873 QA),133,Cyrene,MBA,8.07
20000238,   238 Hypatia (A884 NA),238,Hypatia,MBA,8.07
20000444,   444 Gyptis (A899 FA),444,Gyptis,MBA,8.07
20000790,   790 Pretoria (A912 BE),790,Pretoria,OMB,8.07
20000124,   124 Alkeste (A872 QA),124,Alkeste,MBA,8.08
20000181,   181 Eucharis (A878 CB),181,Eucharis,MBA,8.09
20000059,    59 Elpis (A860 RA),59,Elpis,MBA,8.12
20000144,   144 Vibilia (A875 LA),144,Vibilia,MBA,8.12
20000536,   536 Merapi (A904 JF),536,Merapi,OMB,8.14
20000675,   675 Ludmilla (A908 QH),675,Ludmilla,MBA,8.15
20000690,   690 Wratislavia (A909 UE),690,Wratislavia,MBA,8.17
20000047,    47 Aglaja (A857 RA),47,Aglaja,MBA,8.18
20000117,   117 Lomia (A871 RB),117,Lomia,MBA,8.18
20000308,   308 Polyxo (A891 FA),308,Polyxo,MBA,8.18
20000247,   247 Eukrate (A885 EB),247,Eukrate,MBA,8.19
20000849,   849 Ara (A915 UB),849,Ara,MBA,8.19
20001437,  1437 Diomedes (1937 PB),1437,Diomedes,TJN,8.19
20000070,    70 Panopaea (A861 JA),70,Panopaea,MBA,8.2
20001172,  1172 Aneas (1930 UA),1172,Aneas,TJN,8.2
20000566,   566 Stereoskopia (A905 KA),566,Stereoskopia,OMB,8.22
20000111,   111 Ate (A870 PA),111,Ate,MBA,8.23
20000236,   236 Honoria (A884 HA),236,Honoria,MBA,8.24
20000617,   617 Patroclus (A906 UL),617,Patroclus,TJN,8.25
20000082,    82 Alkmene (A864 WA),82,Alkmene,MBA,8.26
20000588,   588 Achilles (A906 DN),588,Achilles,TJN,8.26
20000179,   179 Klytaemnestra (A877 VC),179,Klytaemnestra,MBA,8.27
20000480,   480 Hansa (A901 KB),480,Hansa,MBA,8.28
20000485,   485 Genua (A902 JC),485,Genua,MBA,8.28
20000168,   168 Sibylla (A876 SA),168,Sibylla,OMB,8.29
20000258,   258 Tyche (A886 JA),258,Tyche,MBA,8.3
20000264,   264 Libussa (A886 YA),264,Libussa,MBA,8.3
20000287,   287 Nephthys (A889 QA),287,Nephthys,MBA,8.3
20000159,   159 Aemilia (A876 BA),159,Aemilia,MBA,8.31
20000209,   209 Dido (A879 UC),209,Dido,MBA,8.31
20000344,   344 Desiderata (A892 WA),344,Desiderata,MBA,8.31
20000078,    78 Diana (A863 EA),78,Diana,MBA,8.34
20000895,   895 Helio (A918 NA),895,Helio,OMB,8.34
20000420,   420 Bertholda (A896 RC),420,Bertholda,OMB,8.35
20001867,  1867 Deiphobus (1971 EA),1867,Deiphobus,TJN,8.35
20000135,   135 Hertha (A874 DA),135,Hertha,MBA,8.36
20000137,   137 Meliboea (A874 HA),137,Meliboea,MBA,8.36
20000639,   639 Latona (A907 OA),639,Latona,MBA,8.36
20000152,   152 Atala (A875 VB),152,Atala,MBA,8.38
20000356,   356 Liguria (A893 BE),356,Liguria,MBA,8.38
20000516,   516 Amherstia (A903 SG),516,Amherstia,MBA,8.38
20000119,   119 Althaea (A872 GA),119,Althaea,MBA,8.39
20000141,   141 Lumen (A875 AA),141,Lumen,MBA,8.39
20000184,   184 Dejopeja (A878 DA),184,Dejopeja,MBA,8.39
20000361,   361 Bononia (A893 EF),361,Bononia,OMB,8.39
20000187,   187 Lamberta (A878 GB),187,Lamberta,MBA,8.4
20000381,   381 Myrrha (A894 AC),381,Myrrha,OMB,8.4
20000508,   508 Princetonia (A903 HC),508,Princetonia,MBA,8.4
20000758,   758 Mancunia (A912 KB),758,Mancunia,MBA,8.4
20000067,    67 Asia (A861 HA),67,Asia,MBA,8.41
20000101,   101 Helena (A868 PA),101,Helena,MBA,8.42
20000393,   393 Lampetia (A894 VC),393,Lampetia,MBA,8.42
20003317,  3317 Paris (1984 KF),3317,Paris,TJN,8.42
20000145,   145 Adeona (A875 LB),145,Adeona,MBA,8.43
20000509,   509 Iolanda (A903 HD),509,Iolanda,MBA,8.43
20000563,   563 Suleika (A905 GD),563,Suleika,MBA,8.43
20001143,  1143 Odysseus (1930 BH),1143,Odysseus,TJN,8.43
20000090,    90 Antiope (A866 TA),90,Antiope,MBA,8.44
20000174,   174 Phaedra (A877 RA),174,Phaedra,MBA,8.44
20000466,   466 Tisiphone (A901 BB),466,Tisiphone,OMB,8.44
20000483,   483 Seppina (A902 EJ),483,Seppina,OMB,8.44
20000487,   487 Venetia (A902 NC),487,Venetia,MBA,8.44
20000176,   176 Iduna (A877 TB),176,Iduna,MBA,8.45
20000200,   200 Dynamene (A879 OA),200,Dynamene,MBA,8.46
20000233,   233 Asterope (A883 JA),233,Asterope,MBA,8.46
20000410,   410 Chloris (A896 AC),410,Chloris,MBA,8.46
20000762,   762 Pulcova (A913 RD),762,Pulcova,MBA,8.46
20000772,   772 Tanete (A913 YD),772,Tanete,MBA,8.46
20000114,   114 Kassandra (A871 OA),114,Kassandra,MBA,8.47
20000350,   350 Ornamenta (A892 XC),350,Ornamenta,MBA,8.47
20003451,  3451 Mentor (1984 HA1),3451,Mentor,TJN,8.47
20000705,   705 Erminia (A910 TE),705,Erminia,MBA,8.48
20000038,    38 Leda (A856 AA),38,Leda,MBA,8.49
20000140,   140 Siwa (A874 TB),140,Siwa,MBA,8.49
20000584,   584 Semiramis (A906 AC),584,Semiramis,MBA,8.49
20000212,   212 Medea (A880 CA),212,Medea,MBA,8.5
20000033,    33 Polyhymnia (A854 UB),33,Polyhymnia,MBA,8.51
20000199,   199 Byblis (A879 NA),199,Byblis,MBA,8.51
20000146,   146 Lucina (A875 LC),146,Lucina,MBA,8.52
20000360,   360 Carlova (A893 EE),360,Carlova,MBA,8.52
20000925,   925 Alphonsina (A920 AA),925,Alphonsina,MBA,8.52
20000056,    56 Melete (A857 RB),56,Melete,MBA,8.54
20000104,   104 Klymene (A868 RB),104,Klymene,MBA,8.54
20002241,  2241 Alcathous (1979 WM),2241,Alcathous,TJN,8.54
20000046,    46 Hestia (A857 QA),46,Hestia,MBA,8.55
20000198,   198 Ampella (A879 LA),198,Ampella,MBA,8.55
20000113,   113 Amalthea (A871 EA),113,Amalthea,MBA,8.56
20000127,   127 Johanna (A872 VB),127,Johanna,MBA,8.57
20000419,   419 Aurelia (A896 RF),419,Aurelia,MBA,8.57
20000426,   426 Hippo (A897 RA),426,Hippo,MBA,8.57
20000618,   618 Elfriede (A906 UM),618,Elfriede,MBA,8.57
20003063,  3063 Makhaon (1983 PV),3063,Makhaon,TJN,8.57
20000201,   201 Penelope (A879 PA),201,Penelope,MBA,8.58
20000036,    36 Atalante (A855 TA),36,Atalante,MBA,8.59
20000150,   150 Nuwa (A875 UA),150,Nuwa,MBA,8.59
20000338,   338 Budrosa (A892 SF),338,Budrosa,MBA,8.59
20000712,   712 Boliviana (A911 FF),712,Boliviana,MBA,8.59
20001583,  1583 Antilochus (1950 SA),1583,Antilochus,TJN,8.59
20000276,   276 Adelheid (A888 HA),276,Adelheid,MBA,8.61
20000279,   279 Thule (A888 UA),279,Thule,OMB,8.61
20000654,   654 Zelinda (A908 AM),654,Zelinda,MBA,8.61
20000077,    77 Frigga (A862 VA),77,Frigga,MBA,8.62
20000489,   489 Comacina (A902 RD),489,Comacina,MBA,8.62
20000521,   521 Brixia (A904 AE),521,Brixia,MBA,8.62
20000268,   268 Adorea (A887 LA),268,Adorea,MBA,8.63
20004709,  4709 Ennomos (1988 TU2),4709,Ennomos,TJN,8.63
20000171,   171 Ophelia (A877 AB),171,Ophelia,MBA,8.64
20000246,   246 Asporina (A885 EA),246,Asporina,MBA,8.64
20000060,    60 Echo (A860 RB),60,Echo,MBA,8.65
20000175,   175 Andromache (A877 TA),175,Andromache,MBA,8.65
20000369,   369 Aeria (A893 NA),369,Aeria,MBA,8.65
20000631,   631 Philippina (A907 FD),631,Philippina,MBA,8.65
20000884,   884 Priamus (A917 SU),884,Priamus,TJN,8.65
20000441,   441 Bathilde (A898 XA),441,Bathilde,MBA,8.66
20000665,   665 Sabine (A908 OE),665,Sabine,MBA,8.66
20000366,   366 Vincentina (A893 FG),366,Vincentina,MBA,8.69
20000469,   469 Argentina (A901 DC),469,Argentina,MBA,8.69
20000035,    35 Leukothea (A855 HA),35,Leukothea,MBA,8.7
20000218,   218 Bianca (A880 RA),218,Bianca,MBA,8.7
20000490,   490 Veritas (A902 RE),490,Veritas,MBA,8.7
20000602,   602 Marianna (A906 DJ),602,Marianna,MBA,8.7
20000081,    81 Terpsichore (A864 SA),81,Terpsichore,MBA,8.71
20000476,   476 Hedwig (A901 QB),476,Hedwig,MBA,8.71
20000086,    86 Semele (A866 AA),86,Semele,MBA,8.72
20000266,   266 Aline (A887 KA),266,Aline,MBA,8.72
20000388,   388 Charybdis (A894 ED),388,Charybdis,MBA,8.72
20000172,   172 Baucis (A877 CA),172,Baucis,MBA,8.73
20000599,   599 Luisa (A906 HF),599,Luisa,MBA,8.73
20004063,  4063 Euforbo (1989 CG2),4063,Euforbo,TJN,8.73
20000224,   224 Oceana (A882 FA),224,Oceana,MBA,8.74
20000659,   659 Nestor (A908 FE),659,Nestor,TJN,8.74
20000083,    83 Beatrix (A865 HA),83,Beatrix,MBA,8.75
20000105,   105 Artemis (A868 SA),105,Artemis,MBA,8.75
20000814,   814 Tauris (A916 AE),814,Tauris,MBA,8.75
20000147,   147 Protogeneia (A875 NA),147,Protogeneia,MBA,8.76
20000371,   371 Bohemia (A893 OA),371,Bohemia,MBA,8.76
20000034,    34 Circe (A855 GA),34,Circe,MBA,8.77
20000505,   505 Cava (A902 QA),505,Cava,MBA,8.77
20000909,   909 Ulla (A919 CA),909,Ulla,OMB,8.77
20000306,   306 Unitas (A891 EA),306,Unitas,MBA,8.79
20000537,   537 Pauly (A904 NB),537,Pauly,MBA,8.79
20000788,   788 Hohensteina (A914 HE),788,Hohensteina,MBA,8.79
20001269,  1269 Rollandia (1930 SH),1269,Rollandia,OMB,8.79
20000283,   283 Emma (A889 CA),283,Emma,MBA,8.8
20000382,   382 Dodona (A894 BB),382,Dodona,MBA,8.8
20001467,  1467 Mashona (1938 OE),1467,Mashona,OMB,8.8
20000164,   164 Eva (A876 NA),164,Eva,MBA,8.81
20000374,   374 Burgundia (A893 SA),374,Burgundia,MBA,8.81
20003793,  3793 Leonteus (1985 TE3),3793,Leonteus,TJN,8.81
20000405,   405 Thia (A895 OB),405,Thia,MBA,8.82
20000156,   156 Xanthippe (A875 WA),156,Xanthippe,MBA,8.83
20000225,   225 Henrietta (A882 HA),225,Henrietta,OMB,8.83
20000481,   481 Emita (A902 CB),481,Emita,MBA,8.83
20000545,   545 Messalina (A904 TC),545,Messalina,OMB,8.83
20002797,  2797 Teucer (1981 LK),2797,Teucer,TJN,8.84
20000683,   683 Lanzia (A909 OA),683,Lanzia,MBA,8.85
20000305,   305 Gordonia (A891 DA),305,Gordonia,MBA,8.87
20000446,   446 Aeternitas (A899 UB),446,Aeternitas,MBA,8.87
20000739,   739 Mandeville (A913 CH),739,Mandeville,MBA,8.87
20000498,   498 Tokio (A902 XA),498,Tokio,MBA,8.88
20002920,  2920 Automedon (1981 JR),2920,Automedon,TJN,8.88
20000472,   472 Roma (A901 NA),472,Roma,MBA,8.89
20000570,   570 Kythera (A905 OF),570,Kythera,OMB,8.9
20000786,   786 Bredichina (A914 HD),786,Bredichina,MBA,8.9
20000270,   270 Anahita (A887 TA),270,Anahita,MBA,8.91
20000053,    53 Kalypso (A858 GA),53,Kalypso,MBA,8.92
20000062,    62 Erato (A860 RD),62,Erato,MBA,8.93
20000074,    74 Galatea (A862 QA),74,Galatea,MBA,8.93
20000399,   399 Persephone (A895 DD),399,Persephone,MBA,8.93
20000118,   118 Peitho (A872 EA),118,Peitho,MBA,8.94
20000203,   203 Pompeja (A879 SA),203,Pompeja,MBA,8.94
20000206,   206 Hersilia (A879 TC),206,Hersilia,MBA,8.94
20000482,   482 Petrina (A902 EH),482,Petrina,MBA,8.94
20002207,  2207 Antenor (1977 QH1),2207,Antenor,TJN,8.94
20000596,   596 Scheila (A906 DL),596,Scheila,MBA,8.95
20000737,   737 Arequipa (A912 XC),737,Arequipa,MBA,8.95
20000751,   751 Faina (A913 HE),751,Faina,MBA,8.95
20001173,  1173 Anchises (1930 UB),1173,Anchises,TJN,8.95
20000325,   325 Heidelberga (A892 EA),325,Heidelberga,OMB,8.96
20000455,   455 Bruchsalia (A900 KC),455,Bruchsalia,MBA,8.96
20000098,    98 Ianthe (A868 HA),98,Ianthe,MBA,8.97
20000125,   125 Liberatrix (A872 RA),125,Liberatrix,MBA,8.97
20000134,   134 Sophrosyne (A873 SA),134,Sophrosyne,MBA,8.97
20000337,   337 Devosa (A892 SB),337,Devosa,MBA,8.97
20000235,   235 Carolina (A883 WA),235,Carolina,MBA,8.99
20000312,   312 Pierretta (A891 QA),312,Pierretta,MBA,8.99
20000582,   582 Olympia (A906 BM),582,Olympia,MBA,8.99
20000780,   780 Armenia (A914 BJ),780,Armenia,MBA,8.99
20000109,   109 Felicitas (A869 TA),109,Felicitas,MBA,9
20000506,   506 Marion (A903 DB),506,Marion,MBA,9
20000692,   692 Hippodamia (A901 VJ),692,Hippodamia,OMB,9
20002357,  2357 Phereclos (1981 AC),2357,Phereclos,TJN,9
20000123,   123 Brunhild (A872 OB),123,Brunhild,MBA,9.01
20000204,   204 Kallisto (A879 TA),204,Kallisto,MBA,9.01
20000357,   357 Ninina (A893 CB),357,Ninina,MBA,9.01
20000714,   714 Ulula (A911 KG),714,Ulula,MBA,9.01
20002363,  2363 Cebriones (1977 TJ3),2363,Cebriones,TJN,9.01
20002893,  2893 Peiroos (1975 QD),2893,Peiroos,TJN,9.01
20000328,   328 Gudrun (A892 FF),328,Gudrun,MBA,9.02
20000347,   347 Pariana (A892 WD),347,Pariana,MBA,9.02
20000138,   138 Tolosa (A874 KA),138,Tolosa,MBA,9.03
20001021,  1021 Flammario (A924 EW),1021,Flammario,MBA,9.03
20000058,    58 Concordia (A860 FA),58,Concordia,MBA,9.04
20000491,   491 Carina (A902 RG),491,Carina,MBA,9.04
20000522,   522 Helga (A904 AF),522,Helga,OMB,9.04
20000275,   275 Sapientia (A888 GB),275,Sapientia,MBA,9.05
20000286,   286 Iclea (A889 PB),286,Iclea,MBA,9.05
20000403,   403 Cyane (A895 KA),403,Cyane,MBA,9.05
20000073,    73 Klytia (A862 GA),73,Klytia,MBA,9.07
20000363,   363 Padua (A893 FD),363,Padua,MBA,9.07
20000558,   558 Carmen (A905 CK),558,Carmen,MBA,9.07
20001208,  1208 Troilus (1931 YA),1208,Troilus,TJN,9.07
20000072,    72 Feronia (A861 KA),72,Feronia,MBA,9.08
20001093,  1093 Freda (1925 LA),1093,Freda,MBA,9.08
20000345,   345 Tercidina (A892 WB),345,Tercidina,MBA,9.09
20000447,   447 Valentine (A899 UD),447,Valentine,MBA,9.09
20000774,   774 Armor (A913 YE),774,Armor,MBA,9.09
20004489,  4489 Dracius (1988 AK),4489,Dracius,TJN,9.09
20004833,  4833 Meges (1989 AL2),4833,Meges,TJN,9.09
20000160,   160 Una (A876 DA),160,Una,MBA,9.1
20000186,   186 Celuta (A878 GA),186,Celuta,MBA,9.1
20000431,   431 Nephele (A897 YB),431,Nephele,MBA,9.1
20000432,   432 Pythia (A897 YC),432,Pythia,MBA,9.1
20000748,   748 Simeisa (A913 EL),748,Simeisa,OMB,9.1
20000191,   191 Kolga (A878 SB),191,Kolga,MBA,9.11
20000303,   303 Josephina (A891 CA),303,Josephina,MBA,9.11
20000335,   335 Roberta (A892 RB),335,Roberta,MBA,9.11
20000402,   402 Chloe (A895 FB),402,Chloe,MBA,9.11
20000713,   713 Luscinia (A911 HG),713,Luscinia,OMB,9.11
20000162,   162 Laurentia (A876 HB),162,Laurentia,MBA,9.12
20000213,   213 Lilaea (A880 DA),213,Lilaea,MBA,9.12
20000914,   914 Palisana (A919 NC),914,Palisana,MBA,9.12
20000091,    91 Aegina (A866 VA),91,Aegina,MBA,9.13
20000377,   377 Campania (A893 SD),377,Campania,MBA,9.13
20000379,   379 Huenna (A894 AA),379,Huenna,MBA,9.13
20000404,   404 Arsinoe (A895 MA),404,Arsinoe,MBA,9.13
20000456,   456 Abnoba (A900 LA),456,Abnoba,MBA,9.13
20000863,   863 Benkoela (A917 CG),863,Benkoela,OMB,9.13
20001268,  1268 Libya (1930 HJ),1268,Libya,OMB,9.13
20002223,  2223 Sarpedon (1977 TL3),2223,Sarpedon,TJN,9.13
20015436, 15436 Dexius (1998 VU30),15436,Dexius,TJN,9.13
20000234,   234 Barbara (A883 PA),234,Barbara,MBA,9.14
20002674,  2674 Pandarus (1982 BC3),2674,Pandarus,TJN,9.14
20000182,   182 Elsa (A878 CC),182,Elsa,MBA,9.15
20000362,   362 Havnia (A893 EG),362,Havnia,MBA,9.15
20000373,   373 Melusina (A893 RA),373,Melusina,MBA,9.15
20000519,   519 Sylvania (A903 UJ),519,Sylvania,MBA,9.15
20000679,   679 Pax (A909 BR),679,Pax,MBA,9.15
20000773,   773 Irmintraud (A913 YF),773,Irmintraud,MBA,9.15
20001390,  1390 Abastumani (1935 TA),1390,Abastumani,OMB,9.15
20000227,   227 Philosophia (A882 PA),227,Philosophia,MBA,9.16
20000240,   240 Vanadis (A884 QB),240,Vanadis,MBA,9.16
20000567,   567 Eleutheria (A905 KB),567,Eleutheria,MBA,9.16
20000358,   358 Apollonia (A893 EC),358,Apollonia,MBA,9.17
20000412,   412 Elisabetha (A896 AB),412,Elisabetha,MBA,9.17
20000663,   663 Gerlinde (A908 MB),663,Gerlinde,MBA,9.17
20000237,   237 Coelestina (A884 MA),237,Coelestina,MBA,9.18
20000322,   322 Phaeo (A891 WB),322,Phaeo,MBA,9.18
20000351,   351 Yrsa (A892 YA),351,Yrsa,MBA,9.19
20000407,   407 Arachne (A895 TB),407,Arachne,MBA,9.19
20000626,   626 Notburga (A907 CH),626,Notburga,MBA,9.19
20000709,   709 Fringilla (A911 CC),709,Fringilla,MBA,9.19
20000769,   769 Tatjana (A913 TD),769,Tatjana,MBA,9.19
20004834,  4834 Thoas (1989 AM2),4834,Thoas,TJN,9.19
20000740,   740 Cantabia (A913 CK),740,Cantabia,MBA,9.2
20001304,  1304 Arosa (1928 KC),1304,Arosa,MBA,9.2
20005144,  5144 Achates (1991 XX),5144,Achates,TJN,9.2
20000313,   313 Chaldaea (A891 QB),313,Chaldaea,MBA,9.21
20005254,  5254 Ulysses (1986 VG1),5254,Ulysses,TJN,9.21
20000514,   514 Armida (A903 QC),514,Armida,MBA,9.22
20000695,   695 Bella (A909 VD),695,Bella,MBA,9.22
20000660,   660 Crescentia (A908 AN),660,Crescentia,MBA,9.23
20003709,  3709 Polypoites (1985 TL3),3709,Polypoites,TJN,9.23
20000297,   297 Caecilia (A890 RA),297,Caecilia,MBA,9.24
20000507,   507 Laodica (A903 DC),507,Laodica,MBA,9.24
20000365,   365 Corduba (A893 FF),365,Corduba,MBA,9.25
20000075,    75 Eurydike (A862 SA),75,Eurydike,MBA,9.26
20000126,   126 Velleda (A872 VA),126,Velleda,MBA,9.26
20000195,   195 Eurykleia (A879 HA),195,Eurykleia,MBA,9.26
20000528,   528 Rezia (A904 FA),528,Rezia,OMB,9.26
20000628,   628 Christine (A907 EK),628,Christine,MBA,9.26
20000818,   818 Kapteynia (A916 DF),818,Kapteynia,MBA,9.28
20000830,   830 Petropolitana (A917 YD),830,Petropolitana,OMB,9.28
20001113,  1113 Katja (1928 QC),1113,Katja,MBA,9.28
20002456,  2456 Palamedes (1966 BA1),2456,Palamedes,TJN,9.28
20000208,   208 Lacrimosa (A879 UB),208,Lacrimosa,MBA,9.29
20000445,   445 Edna (A899 TC),445,Edna,MBA,9.29
20000554,   554 Peraga (A905 AE),554,Peraga,MBA,9.3
20000784,   784 Pickeringia (A914 FC),784,Pickeringia,MBA,9.3
20003596,  3596 Meriones (1985 VO),3596,Meriones,TJN,9.3
20000188,   188 Menippe (A878 MA),188,Menippe,MBA,9.31
20000635,   635 Vundtia (A907 LA),635,Vundtia,MBA,9.31
20000694,   694 Ekard (A909 VC),694,Ekard,MBA,9.31
20000701,   701 Oriola (A910 ND),701,Oriola,MBA,9.31
20000754,   754 Malabar (A906 QH),754,Malabar,MBA,9.31
20000260,   260 Huberta (A886 TA),260,Huberta,OMB,9.32
20000494,   494 Virtus (A902 TF),494,Virtus,MBA,9.32
20000503,   503 Evelyn (A903 BL),503,Evelyn,MBA,9.32
20001404,  1404 Ajax (1936 QW),1404,Ajax,TJN,9.32
20003708,  3708 Socus (1974 FV1),3708,Socus,TJN,9.32
20004086,  4086 Podalirius (1985 VK2),4086,Podalirius,TJN,9.32
20000161,   161 Athor (A876 HA),161,Athor,MBA,9.33
20000589,   589 Croatia (A906 EC),589,Croatia,MBA,9.33
20000733,   733 Mocia (A912 SA),733,Mocia,OMB,9.33
20000084,    84 Klio (A865 QA),84,Klio,MBA,9.34
20000462,   462 Eriphyla (A900 UJ),462,Eriphyla,MBA,9.34
20000653,   653 Berenike (A907 WC),653,Berenike,MBA,9.34
20000691,   691 Lehigh (A909 XB),691,Lehigh,MBA,9.34
20000791,   791 Ani (A914 MB),791,Ani,MBA,9.34
20000796,   796 Sarita (A914 UF),796,Sarita,MBA,9.34
20000143,   143 Adria (A875 DA),143,Adria,MBA,9.35
20000151,   151 Abundantia (A875 VA),151,Abundantia,MBA,9.35
20000214,   214 Aschera (A880 DB),214,Aschera,MBA,9.35
20000550,   550 Senta (A904 WB),550,Senta,MBA,9.35
20000583,   583 Klotilde (A905 YD),583,Klotilde,MBA,9.35
20001028,  1028 Lydina (A923 VF),1028,Lydina,OMB,9.35
20000158,   158 Koronis (A876 AA),158,Koronis,MBA,9.36
20000170,   170 Maria (A877 AA),170,Maria,MBA,9.36
20000229,   229 Adelinda (A882 QB),229,Adelinda,OMB,9.36
20000530,   530 Turandot (A904 GB),530,Turandot,MBA,9.36
20000593,   593 Titania (A906 FK),593,Titania,MBA,9.36
20001102,  1102 Pepita (1928 VA),1102,Pepita,MBA,9.36
20001902,  1902 Shaposhnikov (1972 HU),1902,Shaposhnikov,OMB,9.36
20000597,   597 Bandusia (A906 HE),597,Bandusia,MBA,9.37
20000640,   640 Brambilla (A907 QA),640,Brambilla,MBA,9.37
20001177,  1177 Gonnessia (1930 WA),1177,Gonnessia,OMB,9.37
20000408,   408 Fama (A917 RB),408,Fama,MBA,9.38
20000927,   927 Ratisbona (A920 DB),927,Ratisbona,OMB,9.38
20000931,   931 Whittemora (A920 FB),931,Whittemora,MBA,9.38
20000210,   210 Isabella (A879 VA),210,Isabella,MBA,9.39
20000326,   326 Tamara (A892 FD),326,Tamara,MBA,9.39
20000397,   397 Vienna (A894 YA),397,Vienna,MBA,9.39
20000678,   678 Fredegundis (A909 BQ),678,Fredegundis,MBA,9.39
20000888,   888 Parysatis (A918 CE),888,Parysatis,MBA,9.39
20002260,  2260 Neoptolemus (1975 WM1),2260,Neoptolemus,TJN,9.39
20000167,   167 Urda (A876 QA),167,Urda,MBA,9.4
20000189,   189 Phthia (A878 RA),189,Phthia,MBA,9.4
20000219,   219 Thusnelda (A880 SA),219,Thusnelda,MBA,9.4
20000278,   278 Paulina (A888 KA),278,Paulina,MBA,9.4
20000986,   986 Amelia (A922 UA),986,Amelia,MBA,9.4
20000384,   384 Burdigala (A894 CA),384,Burdigala,MBA,9.41
20000454,   454 Mathesis (A900 FB),454,Mathesis,MBA,9.41
20000542,   542 Susanna (A904 QA),542,Susanna,MBA,9.41
20000906,   906 Repsolda (A918 UF),906,Repsolda,MBA,9.41
20003540,  3540 Protesilaos (1973 UF5),3540,Protesilaos,TJN,9.41
20004060,  4060 Deipylos (1987 YT1),4060,Deipylos,TJN,9.41
20000339,   339 Dorothea (A892 SC),339,Dorothea,MBA,9.42
20000667,   667 Denise (A908 OF),667,Denise,MBA,9.42
20000940,   940 Kordula (A920 TE),940,Kordula,OMB,9.42
20000721,   721 Tabora (A911 UM),721,Tabora,OMB,9.43
20000886,   886 Washingtonia (A917 WA),886,Washingtonia,MBA,9.43
20000912,   912 Maritima (A919 HC),912,Maritima,MBA,9.43
20000359,   359 Georgia (A893 ED),359,Georgia,MBA,9.45
20000834,   834 Burnhamia (A916 SG),834,Burnhamia,MBA,9.45
20001180,  1180 Rita (1931 GE),1180,Rita,OMB,9.45
20000415,   415 Palatia (A896 CA),415,Palatia,MBA,9.46
20000976,   976 Benjamina (A922 FD),976,Benjamina,MBA,9.46
20001015,  1015 Christa (A924 CF),1015,Christa,OMB,9.46
20000050,    50 Virginia (A857 TA),50,Virginia,MBA,9.47
20000102,   102 Miriam (A868 QA),102,Miriam,MBA,9.47
20000205,   205 Martha (A879 TB),205,Martha,MBA,9.47
20000401,   401 Ottilia (A895 FA),401,Ottilia,OMB,9.47
20000785,   785 Zwetana (A914 FD),785,Zwetana,MBA,9.47
20000099,    99 Dike (A868 KA),99,Dike,MBA,9.48
20000500,   500 Selinur (A903 BJ),500,Selinur,MBA,9.48
20000543,   543 Charlotte (A904 RG),543,Charlotte,MBA,9.48
20003564,  3564 Talthybius (1985 TC1),3564,Talthybius,TJN,9.48
20000183,   183 Istria (A878 CD),183,Istria,MBA,9.49
20000318,   318 Magdalena (A891 SA),318,Magdalena,MBA,9.49
20000501,   501 Urhixidur (A903 BK),501,Urhixidur,MBA,9.49
20000577,   577 Rhea (A905 UR),577,Rhea,MBA,9.49
20000611,   611 Valeria (A906 SM),611,Valeria,MBA,9.49
20000670,   670 Ottegebe (A908 QG),670,Ottegebe,MBA,9.49
20001303,  1303 Luthera (1928 FP),1303,Luthera,OMB,9.49
20005264,  5264 Telephus (1991 KC),5264,Telephus,TJN,9.49
20007641,  7641 Cteatus (1986 TT6),7641,Cteatus,TJN,9.49
20000696,   696 Leonora (A916 BD),696,Leonora,MBA,9.5
20001031,  1031 Arctica (A924 LC),1031,Arctica,MBA,9.5
20001868,  1868 Thersites (2008 P-L),1868,Thersites,TJN,9.5
20000066,    66 Maja (A861 GA),66,Maja,MBA,9.51
20000576,   576 Emanuela (A905 SK),576,Emanuela,MBA,9.51
20000952,   952 Caia (A916 US),952,Caia,MBA,9.51
20001749,  1749 Telamon (1949 SB),1749,Telamon,TJN,9.51
20000323,   323 Brucia (A891 YB),323,Brucia,MBA,9.52
20000178,   178 Belisana (A877 VB),178,Belisana,MBA,9.53
20000513,   513 Centesima (A916 BC),513,Centesima,MBA,9.53
20000573,   573 Recha (A905 SG),573,Recha,MBA,9.53
20000781,   781 Kartvelia (A914 BK),781,Kartvelia,OMB,9.53
20001266,  1266 Tone (1927 BD),1266,Tone,OMB,9.53
20000242,   242 Kriemhild (A884 SA),242,Kriemhild,MBA,9.54
20000556,   556 Phyllis (A905 AD),556,Phyllis,MBA,9.54
20000586,   586 Thekla (A906 DK),586,Thekla,MBA,9.54
20000693,   693 Zerbinetta (A909 SD),693,Zerbinetta,MBA,9.54
20000803,   803 Picka (A915 FL),803,Picka,MBA,9.54
20000169,   169 Zelia (A876 SB),169,Zelia,MBA,9.55
20000983,   983 Gunila (A922 OD),983,Gunila,MBA,9.55
20000559,   559 Nanon (A905 EB),559,Nanon,MBA,9.56
20001512,  1512 Oulu (1939 FE),1512,Oulu,OMB,9.56
20006090,  6090 Aulis (1989 DJ),6090,Aulis,TJN,9.56
20000197,   197 Arete (A879 KA),197,Arete,MBA,9.57
20000261,   261 Prymno (A886 UA),261,Prymno,MBA,9.57
20000411,   411 Xanthe (A896 AD),411,Xanthe,MBA,9.57
20000578,   578 Happelia (A905 VJ),578,Happelia,MBA,9.57
20000680,   680 Genoveva (A909 HF),680,Genoveva,MBA,9.57
20000729,   729 Watsonia (A912 CE),729,Watsonia,MBA,9.57
20001107,  1107 Lictoria (1929 FB),1107,Lictoria,MBA,9.57
20004035,  4035 Thestor (1986 WD),4035,Thestor,TJN,9.57
20000697,   697 Galilea (A910 CL),697,Galilea,MBA,9.58
20000215,   215 Oenone (A880 GA),215,Oenone,MBA,9.59
20000376,   376 Geometria (A893 SC),376,Geometria,MBA,9.59
20000535,   535 Montague (A904 JE),535,Montague,MBA,9.59
20000984,   984 Gretia (A922 QD),984,Gretia,MBA,9.59
20004836,  4836 Medon (1989 CK1),4836,Medon,TJN,9.59
20000333,   333 Badenia (A892 QA),333,Badenia,MBA,9.6
20000348,   348 May (A892 WE),348,May,MBA,9.6
20000604,   604 Tekmessa (A906 DH),604,Tekmessa,MBA,9.6
20000648,   648 Pippa (A907 RN),648,Pippa,MBA,9.6
20001069,  1069 Planckia (1927 BC),1069,Planckia,MBA,9.6
20001162,  1162 Larissa (1930 AC),1162,Larissa,OMB,9.6
20000538,   538 Friederike (A904 OA),538,Friederike,MBA,9.61
20000924,   924 Toni (A919 UF),924,Toni,MBA,9.61
20000499,   499 Venusia (A902 YE),499,Venusia,OMB,9.62
20001212,  1212 Francette (1931 XC),1212,Francette,OMB,9.62
20000177,   177 Irma (A877 VA),177,Irma,MBA,9.63
20015440, 15440 Eioneus (1998 WX4),15440,Eioneus,TJN,9.63
20000329,   329 Svea (A892 FG),329,Svea,MBA,9.64
20000380,   380 Fiducia (A894 AB),380,Fiducia,MBA,9.64
20000414,   414 Liriope (A896 BB),414,Liriope,OMB,9.64
20000552,   552 Sigelinde (A904 XB),552,Sigelinde,MBA,9.64
20000727,   727 Nipponia (A912 CF),727,Nipponia,MBA,9.64
20000742,   742 Edisona (A913 DC),742,Edisona,MBA,9.64
20000893,   893 Leopoldina (A918 KD),893,Leopoldina,MBA,9.64
20004068,  4068 Menestheus (1973 SW),4068,Menestheus,TJN,9.64
20000222,   222 Lucia (A882 CA),222,Lucia,MBA,9.65
20000686,   686 Gersuind (A909 QA),686,Gersuind,MBA,9.65
20000787,   787 Moskva (A914 HC),787,Moskva,MBA,9.65
20000676,   676 Melitta (A909 BO),676,Melitta,MBA,9.66
20000978,   978 Aidamina (A922 KE),978,Aidamina,OMB,9.66
20004348,  4348 Poulydamas (1988 RU),4348,Poulydamas,TJN,9.66
20009799,  9799 Thronium (1996 RJ),9799,Thronium,TJN,9.66
20000987,   987 Wallia (A922 UB),987,Wallia,MBA,9.67
20001264,  1264 Letaba (1933 HG),1264,Letaba,MBA,9.67
20000417,   417 Suevia (A896 JB),417,Suevia,MBA,9.68
20000517,   517 Edith (A903 SK),517,Edith,MBA,9.68
20000534,   534 Nassovia (A904 HD),534,Nassovia,MBA,9.68
20000601,   601 Nerthus (A906 MC),601,Nerthus,MBA,9.68
20000677,   677 Aaltje (A909 BP),677,Aaltje,MBA,9.68
20001243,  1243 Pamela (1932 JE),1243,Pamela,MBA,9.68
20000484,   484 Pittsburghia (A902 HA),484,Pittsburghia,MBA,9.69
20000592,   592 Bathseba (A916 BB),592,Bathseba,MBA,9.69
20000598,   598 Octavia (A906 GC),598,Octavia,MBA,9.69
20000332,   332 Siri (A892 FH),332,Siri,MBA,9.7
20000720,   720 Bohlinia (A911 UL),720,Bohlinia,MBA,9.7
20000866,   866 Fatme (A917 DG),866,Fatme,MBA,9.7
20000972,   972 Cohnia (A922 BD),972,Cohnia,MBA,9.7
20001086,  1086 Nata (1927 QL),1086,Nata,MBA,9.7
20000764,   764 Gedania (A913 SF),764,Gedania,MBA,9.71
20000257,   257 Silesia (A886 GB),257,Silesia,MBA,9.72
20000731,   731 Sorga (A912 GH),731,Sorga,MBA,9.72
20000850,   850 Altona (A916 FG),850,Altona,MBA,9.72
20001048,  1048 Feodosia (A924 WQ),1048,Feodosia,MBA,9.72
20000231,   231 Vindobona (A882 RB),231,Vindobona,MBA,9.73
20000269,   269 Justitia (A887 SA),269,Justitia,MBA,9.73
20000424,   424 Gratia (A896 YD),424,Gratia,MBA,9.73
20000636,   636 Erika (A907 CE),636,Erika,MBA,9.73
20000718,   718 Erida (A911 SA),718,Erida,MBA,9.73
20001241,  1241 Dysona (1932 EB1),1241,Dysona,MBA,9.73
20000289,   289 Nenetta (A890 EA),289,Nenetta,MBA,9.74
20000392,   392 Wilhelmina (A894 VD),392,Wilhelmina,MBA,9.74
20000568,   568 Cheruskia (A905 OD),568,Cheruskia,MBA,9.74
20000546,   546 Herodias (A904 TD),546,Herodias,MBA,9.75
20000394,   394 Arduina (A894 WB),394,Arduina,MBA,9.76
20000464,   464 Megaira (A901 AB),464,Megaira,MBA,9.76
20000755,   755 Quintilla (A908 GC),755,Quintilla,MBA,9.76
20000798,   798 Ruth (A914 WH),798,Ruth,MBA,9.76
20000894,   894 Erda (A918 LA),894,Erda,MBA,9.76
20000943,   943 Begonia (A920 UA),943,Begonia,MBA,9.76
20001567,  1567 Alikoski (1941 HN),1567,Alikoski,OMB,9.76
20000136,   136 Austria (A874 FA),136,Austria,MBA,9.77
20000300,   300 Geraldina (A890 TB),300,Geraldina,OMB,9.77
20000418,   418 Alemannia (A896 RD),418,Alemannia,MBA,9.77
20000458,   458 Hercynia (A900 SD),458,Hercynia,MBA,9.77
20000510,   510 Mabella (A903 KA),510,Mabella,MBA,9.77
20000859,   859 Bouzareah (A916 TD),859,Bouzareah,OMB,9.77
20000317,   317 Roxane (A891 RD),317,Roxane,MBA,9.78
20005027,  5027 Androgeos (1988 BX1),5027,Androgeos,TJN,9.78
20000112,   112 Iphigenia (A870 SA),112,Iphigenia,MBA,9.79
20000193,   193 Ambrosia (A879 DB),193,Ambrosia,MBA,9.79
20000425,   425 Cornelia (A896 YC),425,Cornelia,MBA,9.79
20000661,   661 Cloelia (A908 DD),661,Cloelia,MBA,9.79
20001087,  1087 Arabis (1927 RD),1087,Arabis,MBA,9.79
20004543,  4543 Phoinix (1989 CQ1),4543,Phoinix,TJN,9.79
20000163,   163 Erigone (A876 HC),163,Erigone,MBA,9.8
20000777,   777 Gutemberga (A914 BF),777,Gutemberga,OMB,9.8
20001004,  1004 Belopolskya (A923 RR),1004,Belopolskya,OMB,9.8
20007119,  7119 Hiera (1989 AV2),7119,Hiera,TJN,9.8
20016070, 16070 Charops (1999 RB101),16070,Charops,TJN,9.8
20000551,   551 Ortrud (A904 WC),551,Ortrud,MBA,9.81
20000861,   861 Aida (A917 BF),861,Aida,MBA,9.81
20000949,   949 Hel (A921 EM),949,Hel,MBA,9.81
20005130,  5130 Ilioneus (1989 SC7),5130,Ilioneus,TJN,9.81
20000479,   479 Caprera (A901 VK),479,Caprera,MBA,9.82
20000844,   844 Leontina (A916 TC),844,Leontina,OMB,9.82
20003548,  3548 Eurybates (1973 SO),3548,Eurybates,TJN,9.82
20005648,  5648 Axius (1990 VU1),5648,Axius,TJN,9.82
20000378,   378 Holmia (A893 XA),378,Holmia,MBA,9.83
20000497,   497 Iva (A902 VB),497,Iva,MBA,9.83
20001043,  1043 Beate (1925 HB),1043,Beate,MBA,9.83
20001085,  1085 Amaryllis (1927 QH),1085,Amaryllis,MBA,9.83
20001256,  1256 Normannia (1932 PD),1256,Normannia,OMB,9.83
20004715,  4715 Medesicaste (1989 TS1),4715,Medesicaste,TJN,9.83
20005283,  5283 Pyrrhus (1989 BW),5283,Pyrrhus,TJN,9.83
20000439,   439 Ohio (A898 TA),439,Ohio,MBA,9.84
20000468,   468 Lina (A901 BC),468,Lina,MBA,9.84
20001345,  1345 Potomac (A908 CE),1345,Potomac,OMB,9.84
20000223,   223 Rosa (A882 EA),223,Rosa,MBA,9.85
20000533,   533 Sara (A904 HC),533,Sara,MBA,9.85
20000892,   892 Seeligeria (A918 KC),892,Seeligeria,OMB,9.85
20000524,   524 Fidelio (A904 ED),524,Fidelio,MBA,9.86
20000766,   766 Moguntia (A913 SH),766,Moguntia,MBA,9.86
20000805,   805 Hormuthia (A915 HD),805,Hormuthia,MBA,9.86
20000979,   979 Ilsewa (A922 MA),979,Ilsewa,MBA,9.86
20001001,  1001 Gaussia (A923 PD),1001,Gaussia,OMB,9.86
20001062,  1062 Ljuba (1925 TD),1062,Ljuba,MBA,9.86
20001116,  1116 Catriona (1929 GD),1116,Catriona,MBA,9.86
20001167,  1167 Dubiago (1930 PB),1167,Dubiago,OMB,9.86
20004902,  4902 Thessandrus (1989 AN2),4902,Thessandrus,TJN,9.86
20000166,   166 Rhodope (A876 PB),166,Rhodope,MBA,9.87
20000465,   465 Alekto (A901 AC),465,Alekto,MBA,9.87
20034746, 34746 Thoon (2001 QE91),34746,Thoon,TJN,9.87
20000226,   226 Weringia (A882 OA),226,Weringia,MBA,9.88
20000288,   288 Glauke (A890 DA),288,Glauke,MBA,9.88
20000613,   613 Ginevra (A906 TD),613,Ginevra,MBA,9.88
20000271,   271 Penthesilea (A887 TB),271,Penthesilea,MBA,9.89
20000277,   277 Elvira (A888 JA),277,Elvira,MBA,9.89
20000619,   619 Triberga (A906 UN),619,Triberga,MBA,9.89
20000627,   627 Charis (A907 EJ),627,Charis,MBA,9.89
20038050, 38050 Bias (1998 VR38),38050,Bias,TJN,9.89
20000643,   643 Scheherezade (A907 RK),643,Scheherezade,OMB,9.9
20000778,   778 Theobalda (A914 BG),778,Theobalda,MBA,9.9
20000957,   957 Camelia (A921 RF),957,Camelia,MBA,9.9
20000977,   977 Philippa (A922 GA),977,Philippa,MBA,9.9
20001323,  1323 Tugela (1934 LD),1323,Tugela,OMB,9.9
20001796,  1796 Riga (1966 KB),1796,Riga,OMB,9.9
20000449,   449 Hamburga (A899 UE),449,Hamburga,MBA,9.91
20000735,   735 Marghanna (A912 XD),735,Marghanna,MBA,9.91
20000217,   217 Eudora (A880 QA),217,Eudora,MBA,9.92
20001248,  1248 Jugurtha (1932 RO),1248,Jugurtha,MBA,9.92
20000364,   364 Isara (A893 FE),364,Isara,MBA,9.93
20000634,   634 Ute (A907 JJ),634,Ute,MBA,9.93
20001146,  1146 Biarmia (1929 JF),1146,Biarmia,MBA,9.93
20001754,  1754 Cunningham (1935 FE),1754,Cunningham,OMB,9.93
20004867,  4867 Polites (1989 SZ),4867,Polites,TJN,9.93
20012444, 12444 Prothoon (1996 GE19),12444,Prothoon,TJN,9.93
20000256,   256 Walpurga (A886 GA),256,Walpurga,MBA,9.94
20000907,   907 Rhoda (A918 VA),907,Rhoda,MBA,9.94
20016974, 16974 Iphthime (1998 WR21),16974,Iphthime,TJN,9.94
20000331,   331 Etheridgea (A892 GA),331,Etheridgea,MBA,9.95
20000368,   368 Haidea (A893 KC),368,Haidea,MBA,9.95
20000862,   862 Franzia (A917 BG),862,Franzia,MBA,9.95
20011395, 11395 Iphinous (1998 XN77),11395,Iphinous,TJN,9.95
20000252,   252 Clementina (A885 TB),252,Clementina,MBA,9.96
20000529,   529 Preziosa (A904 FB),529,Preziosa,MBA,9.96
20000607,   607 Jenny (A906 SH),607,Jenny,MBA,9.96
20000664,   664 Judith (A908 MC),664,Judith,MBA,9.96
20000945,   945 Barcelona (A921 CB),945,Barcelona,MBA,9.96
20001042,  1042 Amazone (1925 HA),1042,Amazone,OMB,9.96
20001245,  1245 Calvinia (1932 KF),1245,Calvinia,MBA,9.96
20001469,  1469 Linzia (1938 QD),1469,Linzia,MBA,9.96
20001529,  1529 Oterma (1938 BC),1529,Oterma,OMB,9.96
20000336,   336 Lacadiera (A892 SA),336,Lacadiera,MBA,9.97
20000734,   734 Benda (A912 TF),734,Benda,MBA,9.97
20000746,   746 Marlu (A913 EJ),746,Marlu,MBA,9.97
20000928,   928 Hildrun (A920 DC),928,Hildrun,MBA,9.97
20001175,  1175 Margo (1930 UD),1175,Margo,OMB,9.97
20001186,  1186 Turnera (1929 PL),1186,Turnera,MBA,9.97
20000442,   442 Eichsfeldia (A899 CA),442,Eichsfeldia,MBA,9.98
20000891,   891 Gunhild (A918 KB),891,Gunhild,MBA,9.98
20000966,   966 Muschi (A921 VD),966,Muschi,MBA,9.98
20001746,  1746 Brouwer (1963 RF),1746,Brouwer,OMB,9.98
20000251,   251 Sophia (A885 TA),251,Sophia,MBA,9.99
20000569,   569 Misa (A905 OE),569,Misa,MBA,9.99
20000633,   633 Zelima (A907 JH),633,Zelima,MBA,9.99
20001115,  1115 Sabauda (1928 XC),1115,Sabauda,MBA,9.99
20001140,  1140 Crimea (1929 YC),1140,Crimea,MBA,9.99
